recipe_id,allergy_id
1,1
1,2
2,1
3,1
3,4
5,3
6,3
7,1
7,7
8,1
9,1
9,2
9,7
14,7
15,1
15,2
15,7
15,8
19,1
19,7
20,1
20,3
20,7
21,5
21,7
22,1
22,7
23,6
23,7
23,9
24,1
26,5
26,6
26,7
26,8
29,1
29,2
31,1
31,2
32,1
33,1
34,1
35,1
36,1
37,1
37,7
39,1
39,7
42,1
44,1
44,7
45,1
45,2
45,7
46,1
46,2
46,7
47,1
49,1
50,4
51,4
52,4
53,1
53,2
53,7
53,9
54,1
54,3
54,5
54,7
54,8
55,1
56,1
56,7
58,1
58,2
59,1
59,7
59,9
60,1
60,2
60,7
62,1
63,1
64,1
64,8
65,1
65,7
66,1
66,9
67,5
67,6
67,7
68,1
69,1
70,1
71,1
72,1
73,1
73,2
73,7
74,1
75,1
75,2
76,1
76,2
76,7
79,1
79,2
79,7
80,1
80,7
81,2
81,7
81,9
82,1
83,1
83,7
85,1
85,2
86,1
86,2
86,3
86,7
87,1
87,2
87,3
87,7
88,1
88,2
88,3
88,7
90,1
91,1
92,1
93,1
98,1
99,1
99,7
100,1
100,4
100,7
101,1
103,1
104,1
105,1
106,1
106,2
106,7
107,1
107,7
108,6
108,9
109,9
111,5
111,6
111,7
112,1
114,2
114,3
114,9
115,5
115,6
115,7
115,8
116,1
117,2
117,4
117,5
117,6
117,7
118,1
118,3
119,1
119,3
121,1
121,7
122,9
123,1
124,1
124,9
125,1
126,1
126,7
128,7
130,1
130,2
130,5
130,7
131,1
131,2
131,5
131,6
131,7
132,1
132,2
132,7
133,1
133,7
134,1
134,5
134,7
136,1
136,2
137,1
137,2
138,7
139,2
139,4
139,5
139,7
141,1
142,5
143,2
143,9
144,3
144,5
144,6
144,7
144,8
145,1
145,9
146,1
146,2
147,1
147,2
147,7
147,9
148,3
149,5
149,7
151,1
151,3
151,7
152,6
153,3
153,8
154,1
154,5
154,7
155,1
156,1
156,2
156,7
157,6
157,7
158,9
159,1
159,2
159,7
159,9
161,2
161,7
162,1
163,1
163,2
163,7
163,9
164,1
164,7
165,2
165,7
166,1
166,7
166,9
167,1
170,7
170,9
171,1
171,2
171,7
171,9
172,1
172,2
172,7
173,1
175,1
175,2
175,7
176,7
177,1
177,7
178,1
178,4
179,1
179,2
179,7
180,1
180,2
180,7
180,9
181,1
181,2
181,3
181,7
182,1
182,2
182,7
183,1
185,1
185,7
186,1
186,7
187,5
187,6
187,7
187,8
187,9
188,1
188,7
188,9
189,1
189,7
190,1
191,1
191,2
192,1
192,7
192,9
193,1
194,1
194,2
194,7
195,1
195,2
195,7
196,1
196,7
196,9
197,1
197,2
197,7
198,1
198,2
198,7
200,9
201,1
201,3
202,4
203,1
204,3
204,6
205,7
206,2
206,5
206,6
206,7
207,2
207,4
208,1
208,4
208,7
209,1
209,2
209,7
209,9
210,1
210,3
210,7
211,1
211,7
212,1
212,4
213,1
213,3
213,7
214,3
215,1
215,2
215,7
216,1
216,2
216,7
217,9
218,9
219,1
219,2
219,7
220,1
220,7
221,1
221,2
221,8
222,1
222,2
222,7
222,9
223,2
223,7
223,9
224,1
224,7
224,9
225,1
225,2
225,7
226,1
226,2
226,7
227,1
228,1
229,1
230,1
230,2
230,7
231,1
231,9
232,1
232,2
232,7
232,9
233,1
233,9
234,1
234,7
235,1
235,7
236,7
237,7
237,9
238,1
238,7
239,1
239,2
239,9
240,1
240,2
240,6
240,7
241,1
241,2
241,7
242,1
242,2
242,7
243,1
243,2
243,7
244,1
244,2
244,7
245,1
245,7
246,2
247,1
247,2
247,7
247,9
248,1
251,1
251,2
251,7
252,1
252,7
252,8
253,2
253,7
253,9
254,1
254,2
254,7
254,9
255,1
255,2
255,7
256,1
256,2
256,9
257,1
257,2
257,7
258,1
258,2
258,7
259,1
260,1
260,3
261,1
261,2
261,7
262,1
262,7
263,1
264,1
264,2
264,4
264,7
267,1
267,7
268,2
268,5
268,7
269,1
269,2
269,7
271,6
271,7
272,2
273,1
273,3
273,9
274,1
274,2
274,9
275,1
275,5
275,7
276,1
276,2
276,7
277,2
277,7
277,9
278,1
278,7
279,1
279,7
282,1
282,9
283,1
283,2
283,7
284,1
285,2
285,7
286,1
286,2
287,1
287,7
288,1
288,2
288,7
288,9
290,1
290,4
290,7
291,3
291,4
292,1
292,7
295,3
296,7
297,5
297,6
297,7
298,7
299,1
299,7
299,9
300,2
300,7
302,2
302,7
303,1
303,2
303,7
304,1
305,1
310,1
310,7
311,1
312,1
313,1
313,4
313,7
314,5
314,9
315,3
321,7
322,1
323,1
323,2
323,7
325,1
325,7
326,1
326,2
326,7
330,1
330,2
330,7
331,1
332,1
332,7
333,1
333,3
333,7
333,9
334,6
338,1
338,2
338,7
339,1
339,2
339,7
340,2
340,5
340,6
340,7
341,1
341,2
342,1
342,2
344,1
344,7
345,1
348,1
348,9
349,2
349,9
350,1
350,9
351,1
351,7
354,1
354,7
355,2
356,5
356,6
356,7
357,1
357,2
358,1
358,7
360,9
361,2
361,6
362,9
364,1
364,2
364,7
365,1
365,7
368,1
368,2
369,1
371,1
371,2
371,7
372,1
372,2
372,7
372,9
373,4
374,1
374,2
375,1
375,2
375,7
377,1
378,4
379,1
379,2
380,1
380,6
381,7
384,6
385,5
385,6
385,7
386,1
387,1
387,2
387,7
388,1
388,2
388,7
389,1
389,2
389,7
389,9
390,1
390,2
390,7
393,1
393,9
394,2
394,7
395,1
396,1
396,3
396,9
397,1
398,1
398,2
398,7
399,3
399,5
399,7
401,3
402,3
403,3
404,1
404,3
405,7
405,9
406,1
406,2
406,7
406,9
407,1
407,7
407,9
408,1
408,2
408,7
410,1
410,8
411,1
411,9
413,1
414,2
414,5
414,6
414,7
415,9
416,1
416,2
416,7
416,9
417,3
417,6
417,7
419,1
419,4
419,7
420,1
420,2
420,7
424,2
425,1
426,1
426,7
428,6
428,9
429,1
429,7
430,1
431,3
432,7
433,1
433,9
434,2
434,7
434,9
435,1
435,2
435,3
435,6
435,7
436,1
436,2
439,1
439,9
453,1
453,2
454,1
454,7
454,9
455,9
458,1
459,1
459,7
462,9
463,1
463,2
463,7
464,7
465,6
465,7
466,1
466,2
466,7
467,7
468,9
469,3
469,5
469,6
469,7
472,2
473,1
473,2
473,7
473,9
474,1
474,2
474,8
475,1
475,7
478,1
479,4
480,1
480,7
481,1
481,2
481,7
482,1
483,1
484,1
485,1
486,2
486,7
486,9
487,2
488,1
488,2
488,9
489,1
489,2
489,7
490,3
491,1
491,2
491,7
492,9
493,1
493,2
494,1
494,2
494,3
495,1
495,3
496,1
496,7
497,1
498,9
499,9
500,1
500,7
500,9
501,1
502,2
502,9
504,1
504,2
505,1
505,7
506,2
506,9
507,1
508,1
508,7
508,9
510,2
513,2
515,1
515,2
516,2
516,3
516,4
516,5
516,7
517,1
517,9
518,1
519,1
519,2
521,9
523,1
523,7
524,1
524,5
525,1
525,2
525,9
526,1
526,7
527,1
528,1
528,9
529,1
530,1
530,2
530,7
531,9
533,2
534,3
534,6
534,7
534,8
535,1
536,1
536,6
537,1
537,7
539,5
539,6
539,7
540,1
541,1
541,9
542,7
542,9
543,1
544,1
545,3
546,6
546,8
547,1
547,7
548,1
548,8
549,1
550,1
550,4
551,1
551,2
551,7
552,1
553,1
553,2
555,5
555,6
555,7
557,1
557,7
557,9
558,4
559,5
559,6
560,3
560,4
560,5
560,7
562,2
564,1
565,9
566,9
568,1
569,5
569,7
571,3
572,3
575,9
576,9
577,3
578,1
580,1
580,2
580,7
580,9
581,1
582,1
583,1
586,1
586,4
587,1
587,2
587,3
587,7
588,1
589,1
589,2
589,7
589,9
590,1
590,3
590,7
591,2
591,6
591,9
592,1
592,7
593,1
593,9
597,1
597,2
597,7
597,9
599,3
600,2
601,9
602,1
602,9
604,1
604,7
605,1
605,2
605,7
605,9
606,1
606,2
606,7
607,1
607,2
607,7
608,1
609,1
609,2
610,1
610,2
610,7
611,1
611,3
611,9
613,1
613,2
613,7
614,1
614,2
614,7
615,1
615,2
615,7
615,9
616,1
616,7
617,1
617,2
617,7
617,8
617,9
618,1
619,1
619,2
619,7
620,6
620,9
621,1
621,7
622,1
622,7
622,9
623,9
628,9
629,1
629,7
630,7
631,1
632,1
632,7
632,9
634,1
634,2
634,7
635,7
636,1
636,7
637,1
637,2
637,9
640,1
640,2
640,7
641,1
641,2
641,7
642,1
642,2
642,7
643,2
643,3
644,1
645,2
646,1
647,1
647,3
648,1
648,9
649,1
649,2
649,7
649,9
650,1
650,7
652,1
653,1
654,1
654,7
654,9
656,1
656,2
657,1
657,7
658,1
658,7
659,6
662,1
662,2
662,7
663,1
663,3
663,4
664,3
664,4
665,1
666,6
666,7
667,1
667,9
668,1
668,3
668,7
669,1
669,2
669,7
669,9
670,1
670,2
670,7
671,1
671,2
671,7
672,1
672,7
673,1
673,2
674,1
674,7
676,1
676,2
676,7
676,9
677,7
678,1
678,3
679,1
679,7
680,1
680,7
681,1
683,9
684,1
684,7
685,1
685,6
685,7
686,5
686,6
686,7
688,9
689,1
689,5
689,6
689,7
690,1
690,2
690,4
690,7
692,1
692,7
694,1
694,2
694,7
695,3
696,2
696,3
696,7
697,1
697,5
697,7
699,1
699,7
700,1
701,1
702,1
702,2
702,7
703,1
703,9
705,6
706,1
706,8
707,1
707,2
707,7
710,1
711,1
715,9
717,1
717,2
717,7
718,1
718,2
719,1
720,1
720,7
721,2
721,3
721,9
722,1
723,3
723,5
723,6
723,7
724,1
726,2
728,3
729,8
730,3
730,7
731,7
731,9
732,1
732,7
732,9
733,1
733,7
734,1
734,7
735,1
735,7
737,9
738,6
739,7
739,9
741,3
741,7
741,9
745,1
745,4
745,7
746,1
746,7
750,6
750,7
751,2
751,7
752,1
752,2
752,7
753,1
753,9
754,1
754,2
755,5
755,6
756,2
756,7
757,4
757,5
757,6
757,7
757,8
758,1
758,2
758,7
758,8
759,1
759,9
760,1
760,7
761,1
761,7
762,1
762,3
762,5
762,7
762,8
763,1
763,2
764,1
766,1
766,2
766,7
770,1
770,9
771,1
771,7
772,3
774,1
775,1
776,1
776,3
776,5
776,7
777,1
777,9
779,1
780,1
780,2
780,7
781,1
781,7
782,1
782,2
782,7
783,1
783,2
784,1
784,7
788,1
789,1
789,2
791,1
791,7
791,9
792,4
792,7
794,4
797,1
797,2
797,7
798,1
798,8
799,1
799,2
799,7
800,1
800,6
801,4
802,7
803,3
804,7
804,8
804,9
805,1
805,9
806,2
807,1
807,3
807,7
808,1
808,7
809,1
811,1
811,7
812,2
814,1
814,2
815,1
815,7
816,2
817,4
818,1
818,2
818,7
818,9
819,9
820,7
821,1
821,2
821,7
822,7
822,9
823,1
823,7
824,1
824,2
825,3
825,4
826,1
826,3
827,3
828,3
828,4
828,8
829,1
829,2
829,9
830,1
830,2
830,7
831,1
831,2
831,7
831,9
832,1
833,2
833,3
833,4
833,5
833,7
834,1
835,1
835,3
835,5
835,7
836,1
837,1
838,4
840,1
840,6
841,1
842,1
842,2
844,3
844,7
845,1
845,7
846,7
846,9
847,7
848,1
848,2
848,7
852,1
853,1
853,2
853,9
854,1
854,9
855,1
855,9
856,3
857,1
857,2
859,5
859,6
859,7
861,2
862,1
862,3
862,7
865,1
865,2
865,7
865,9
866,1
869,3
869,7
870,9
871,7
873,1
873,2
873,7
874,1
874,2
874,7
875,1
876,1
877,1
877,2
878,1
878,5
878,7
878,8
879,1
879,2
879,7
880,2
881,2
882,2
882,9
883,2
883,7
883,9
885,1
886,1
886,3
886,4
888,1
888,7
891,1
891,6
891,7
892,1
892,7
893,1
894,7
894,9
895,1
895,2
895,7
896,7
897,4
898,1
899,1
899,2
899,7
900,1
900,2
900,7
900,9
901,1
901,2
901,7
903,1
903,3
904,1
904,2
904,7
905,1
905,2
905,7
907,1
907,2
907,7
908,1
908,7
909,1
909,2
909,7
910,7
911,1
912,1
913,1
913,2
913,7
914,1
914,2
914,7
915,7
916,9
918,5
918,6
918,7
919,5
919,6
919,7
920,1
920,2
920,7
921,1
922,1
922,9
923,1
923,9
924,1
924,2
925,1
925,7
926,1
926,7
928,9
929,1
929,7
930,2
933,1
934,1
934,3
934,7
935,4
935,5
935,6
935,7
936,1
936,2
937,1
937,2
937,7
938,2
938,3
938,5
938,7
939,2
939,5
939,7
942,3
942,4
942,7
943,2
944,1
944,2
944,7
945,7
946,1
946,2
946,9
947,1
947,2
947,7
949,1
950,1
952,1
952,9
953,2
953,4
955,1
955,7
956,3
958,1
958,7
959,1
959,2
959,7
960,1
961,1
961,2
961,9
962,1
963,1
964,1
964,7
965,9
966,1
967,1
967,9
968,1
968,2
968,7
969,1
970,1
970,7
971,1
971,2
971,7
973,1
973,2
973,7
974,1
974,2
974,7
975,1
975,2
975,7
976,1
976,2
976,7
977,1
977,9
978,5
978,7
980,1
980,2
980,7
980,9
981,1
982,1
982,5
983,7
984,3
985,1
986,7
986,9
987,1
987,9
988,1
988,2
988,4
988,9
990,9
992,1
992,6
993,1
994,1
994,3
994,4
994,7
995,1
996,1
996,2
996,7
997,5
997,7
998,1
998,2
998,7
999,1
999,2
999,9
1000,1
1000,7
1001,5
1001,7
1003,1
1005,1
1005,9
1006,1
1006,9
1007,1
1007,7
1007,9
1008,3
1009,1
1009,3
1010,1
1010,2
1010,7
1011,1
1011,2
1013,1
1013,2
1013,7
1014,9
1015,1
1015,9
1016,1
1016,2
1016,7
1017,1
1017,2
1018,2
1018,3
1019,3
1020,1
1020,2
1020,7
1020,9
1022,1
1022,2
1022,7
1022,9
1023,1
1023,7
1023,9
1025,1
1026,1
1026,3
1026,4
1027,5
1027,7
1028,2
1028,7
1029,1
1029,2
1029,7
1030,1
1030,7
1031,1
1031,9
1032,1
1033,1
1034,1
1035,1
1035,2
1035,7
1036,1
1037,1
1037,7
1038,3
1038,4
1038,7
1038,8
1039,8
1040,2
1040,4
1040,5
1040,7
1041,1
1041,2
1042,1
1042,2
1042,4
1043,2
1043,7
1044,1
1044,6
1044,9
1045,1
1045,9
1046,1
1047,1
1047,3
1047,9
1048,4
1049,4
1050,4
1051,1
1051,6
1051,7
1052,9
1053,9
1055,1
1058,1
1058,2
1059,1
1059,2
1059,7
1060,2
1060,3
1061,1
1062,3
1062,5
1062,7
1063,1
1063,7
1064,1
1064,2
1064,7
1064,9
1065,3
1066,1
1066,3
1066,4
1068,1
1070,1
1070,2
1071,1
1071,7
1075,5
1075,7
1076,7
1077,3
1078,1
1078,9
1079,5
1079,6
1079,7
1081,1
1081,7
1083,1
1085,5
1085,6
1085,7
1086,1
1087,1
1087,3
1087,4
1088,3
1088,5
1088,6
1090,4
1092,1
1092,9
1093,1
1093,2
1093,5
1093,6
1093,7
1094,1
1094,3
1096,5
1096,9
1098,1
1098,9
1099,1
1101,1
1102,2
1102,7
1104,3
1105,1
1105,7
1108,9
1114,2
1114,5
1114,7
1115,1
1115,2
1115,7
1115,9
1116,3
1116,7
1118,2
1118,3
1118,5
1118,7
1119,1
1120,1
1120,2
1120,7
1121,6
1123,2
1123,3
1123,7
1124,1
1124,2
1124,7
1125,7
1126,1
1126,3
1127,1
1127,9
1128,1
1128,6
1128,7
1129,1
1132,1
1132,3
1132,8
1133,1
1139,1
1139,9
1141,1
1141,5
1142,1
1142,9
1143,1
1143,3
1143,7
1144,3
1146,1
1147,1
1148,6
1149,8
1150,1
1150,7
1150,9
1151,1
1151,2
1151,7
1152,2
1152,5
1152,6
1152,7
1153,1
1153,2
1153,7
1154,1
1155,1
1156,1
1156,2
1158,1
1158,2
1158,7
1159,3
1159,5
1159,6
1159,7
1160,3
1160,4
1160,5
1161,7
1161,9
1162,2
1163,1
1163,2
1163,6
1163,7
1164,4
1164,5
1164,6
1164,8
1164,9
1165,3
1165,4
1166,1
1166,2
1166,7
1167,1
1168,1
1168,2
1168,7
1169,1
1169,7
1170,3
1170,5
1170,6
1170,7
1171,9
1172,2
1172,6
1172,7
1173,1
1173,7
1174,3
1174,5
1174,7
1176,1
1176,2
1176,7
1176,9
1177,2
1177,6
1179,1
1179,2
1179,7
1180,1
1180,7
1181,3
1181,4
1182,1
1182,9
1183,3
1184,5
1185,3
1185,5
1185,7
1186,1
1186,3
1186,9
1188,1
1188,2
1188,7
1189,2
1189,7
1190,1
1190,2
1190,7
1190,9
1191,1
1191,2
1191,5
1191,6
1191,7
1192,1
1193,7
1194,1
1194,2
1194,7
1195,9
1196,1
1196,6
1197,1
1197,2
1197,7
1197,9
1200,3
1200,6
1201,2
1203,1
1203,2
1203,7
1203,9
1205,7
1206,5
1206,6
1206,7
1207,1
1207,2
1207,7
1208,1
1208,2
1210,1
1210,2
1210,9
1212,1
1212,2
1212,7
1212,9
1215,3
1215,5
1215,6
1215,7
1217,1
1218,1
1218,2
1218,7
1218,9
1219,1
1219,2
1219,7
1219,9
1221,1
1221,7
1228,1
1228,2
1228,7
1229,1
1229,2
1230,1
1230,2
1231,1
1231,2
1231,7
1232,7
1232,8
1233,7
1233,8
1233,9
1237,8
1239,1
1239,2
1239,7
1240,7
1241,1
1242,1
1242,2
1242,7
1242,8
1243,1
1243,2
1243,7
1244,1
1244,2
1244,7
1245,1
1245,7
1246,1
1246,2
1246,7
1248,3
1250,7
1251,1
1251,2
1252,1
1252,2
1253,1
1253,2
1254,1
1254,5
1255,2
1256,1
1256,7
1256,8
1258,1
1258,7
1259,1
1259,2
1260,1
1261,1
1261,2
1261,7
1262,1
1262,2
1262,7
1262,9
1263,1
1263,2
1263,7
1264,2
1264,3
1264,5
1264,6
1264,7
1265,2
1265,4
1266,1
1266,7
1267,2
1267,4
1267,7
1267,8
1270,1
1271,1
1271,2
1271,7
1272,1
1272,2
1272,7
1273,1
1273,2
1273,7
1274,1
1274,7
1275,1
1275,2
1275,7
1278,7
1279,1
1279,7
1280,1
1280,7
1281,1
1282,1
1282,2
1283,2
1285,8
1285,9
1286,1
1286,9
1287,1
1288,1
1288,7
1289,1
1289,4
1290,6
1290,7
1291,7
1292,1
1292,5
1293,5
1293,6
1293,7
1293,8
1294,2
1294,5
1294,7
1294,8
1295,5
1295,6
1295,7
1295,8
1298,1
1298,2
1299,1
1300,1
1300,6
1300,9
1301,1
1301,2
1301,7
1304,1
1305,1
1306,1
1306,2
1306,3
1307,1
1310,2
1310,5
1310,7
1312,7
1314,1
1314,2
1314,7
1315,3
1315,5
1315,6
1315,7
1316,9
1317,9
1318,1
1318,2
1318,4
1324,9
1326,1
1326,7
1326,8
1327,3
1330,3
1330,7
1330,8
1331,1
1331,7
1331,9
1332,5
1332,6
1332,7
1335,1
1335,2
1335,6
1335,7
1335,9
1337,1
1337,9
1338,1
1338,9
1339,1
1340,5
1340,7
1342,1
1344,5
1344,7
1345,2
1346,5
1346,6
1346,7
1347,1
1348,1
1349,1
1349,3
1349,9
1350,1
1350,2
1350,7
1350,8
1351,1
1352,1
1353,9
1354,1
1354,2
1355,1
1355,7
1355,9
1356,2
1357,2
1357,7
1357,9
1358,1
1358,2
1358,7
1359,1
1359,2
1359,7
1360,1
1360,5
1361,2
1361,5
1361,7
1362,5
1362,7
1362,9
1363,1
1364,1
1365,1
1366,1
1367,2
1368,1
1369,1
1369,6
1369,9
1370,1
1371,1
1371,7
1371,9
1372,1
1372,7
1373,2
1373,4
1373,5
1373,6
1373,7
1374,1
1374,2
1374,7
1376,7
1377,1
1377,7
1378,1
1378,2
1379,1
1379,2
1379,7
1381,1
1381,2
1381,7
1381,8
1382,1
1383,1
1383,2
1383,7
1384,1
1386,2
1387,1
1387,7
1388,1
1388,7
1390,2
1390,7
1391,2
1391,4
1391,5
1391,6
1391,7
1391,8
1393,2
1393,3
1394,2
1398,1
1398,5
1398,7
1399,1
1399,3
1399,4
1399,7
1400,1
1400,3
1400,4
1400,7
1401,1
1401,3
1401,4
1401,7
1402,1
1402,5
1402,7
1402,8
1403,1
1403,7
1405,1
1405,2
1406,5
1406,7
1407,1
1407,2
1407,7
1408,1
1408,7
1409,1
1409,7
1411,1
1411,2
1411,7
1412,1
1413,1
1413,3
1413,7
1414,1
1414,9
1415,1
1415,4
1415,7
1417,1
1418,1
1419,7
1421,3
1421,5
1421,7
1424,1
1424,2
1424,7
1424,9
1425,1
1425,9
1426,1
1426,7
1428,1
1428,2
1428,7
1429,1
1429,3
1429,7
1430,1
1431,1
1431,2
1431,7
1432,1
1432,2
1432,7
1432,9
1433,1
1433,2
1433,7
1434,9
1435,9
1442,5
1442,6
1442,7
1443,6
1445,2
1445,5
1445,6
1445,7
1446,1
1446,2
1446,7
1446,9
1449,6
1465,1
1465,2
1465,4
1465,7
1467,1
1467,7
1468,1
1468,2
1468,7
1469,3
1469,5
1469,7
1470,4
1471,1
1471,2
1471,7
1471,9
1472,1
1472,9
1473,1
1473,2
1473,7
1475,1
1475,7
1476,1
1476,2
1477,1
1478,2
1478,3
1479,5
1479,7
1480,1
1481,1
1482,7
1484,1
1484,7
1486,1
1486,2
1486,7
1486,9
1487,1
1487,2
1487,7
1488,1
1488,2
1488,7
1489,1
1489,2
1489,7
1490,1
1490,9
1491,1
1491,9
1493,1
1494,1
1496,1
1496,2
1496,7
1496,9
1497,1
1497,2
1497,7
1497,9
1498,1
1498,9
1499,1
1499,2
1499,7
1499,9
1500,1
1500,2
1500,7
1500,9
1501,3
1501,5
1501,6
1502,1
1502,2
1502,7
1502,9
1504,1
1504,7
1506,1
1506,7
1507,1
1507,9
1508,1
1508,2
1508,7
1509,1
1509,7
1510,1
1510,3
1511,2
1511,7
1512,9
1515,1
1515,7
1517,1
1517,2
1517,7
1518,1
1518,2
1518,7
1518,9
1519,1
1519,7
1520,1
1521,1
1521,2
1521,7
1521,9
1522,1
1523,1
1524,1
1524,2
1524,7
1525,1
1527,1
1527,9
1528,1
1528,4
1528,7
1529,1
1529,4
1529,7
1530,1
1530,4
1530,7
1531,1
1531,7
1532,1
1532,7
1533,1
1533,5
1533,7
1534,1
1535,1
1535,2
1535,9
1536,1
1536,2
1540,1
1541,1
1542,1
1542,7
1544,3
1545,3
1545,5
1545,7
1546,1
1546,4
1546,9
1547,1
1547,2
1547,7
1549,1
1549,2
1549,7
1549,9
1550,1
1550,2
1551,1
1551,8
1552,1
1552,2
1552,7
1552,8
1553,1
1553,7
1554,1
1554,7
1555,1
1555,9
1556,1
1556,2
1556,9
1558,1
1559,2
1559,7
1560,9
1561,1
1561,2
1561,9
1562,5
1562,6
1562,7
1562,8
1563,1
1564,1
1565,1
1565,7
1566,1
1566,7
1567,1
1567,7
1568,1
1568,2
1569,1
1569,2
1572,1
1572,2
1572,7
1573,1
1573,2
1573,7
1574,1
1574,2
1574,3
1574,4
1575,2
1575,3
1575,7
1576,4
1578,1
1579,1
1580,1
1582,1
1582,8
1583,1
1583,7
1583,9
1586,1
1586,2
1586,7
1587,1
1587,2
1587,7
1588,1
1588,2
1588,9
1590,4
1593,1
1593,9
1594,1
1594,2
1595,3
1595,6
1596,3
1596,5
1597,1
1597,2
1597,9
1598,3
1598,4
1599,1
1599,7
1601,1
1601,2
1601,7
1601,9
1602,1
1602,9
1604,1
1604,2
1604,7
1604,9
1607,1
1607,2
1607,8
1608,1
1608,3
1608,5
1608,6
1608,7
1610,9
1611,7
1612,1
1612,4
1613,2
1613,4
1614,9
1615,1
1615,7
1616,9
1617,1
1622,1
1622,9
1623,7
1624,1
1624,2
1625,1
1625,2
1625,5
1628,3
1628,8
1632,1
1632,9
1633,5
1634,1
1634,9
1635,1
1635,4
1637,1
1637,5
1638,1
1638,5
1639,1
1639,2
1639,7
1640,1
1640,3
1641,7
1642,9
1643,7
1644,2
1645,1
1646,2
1646,7
1646,9
1647,1
1647,2
1647,9
1648,1
1650,1
1651,1
1651,9
1652,1
1653,1
1653,7
1655,5
1655,7
1656,5
1656,7
1659,1
1659,2
1659,7
1659,9
1660,5
1660,6
1661,1
1661,7
1664,1
1664,2
1664,7
1665,1
1665,2
1665,3
1666,1
1666,2
1667,1
1669,2
1669,7
1669,9
1670,1
1670,2
1670,7
1671,9
1672,7
1673,1
1673,7
1674,1
1676,1
1676,2
1676,7
1678,1
1679,1
1679,7
1680,5
1681,1
1681,9
1683,1
1686,3
1687,2
1687,7
1689,1
1690,1
1690,2
1690,5
1690,6
1692,1
1692,2
1692,7
1692,9
1693,3
1696,1
1696,2
1697,1
1697,7
1698,1
1698,7
1699,1
1699,9
1700,4
1700,5
1700,7
1700,8
1701,2
1701,5
1701,6
1701,7
1701,8
1702,1
1702,2
1702,7
1702,8
1703,1
1704,1
1704,2
1704,7
1705,1
1705,7
1706,3
1706,7
1707,1
1707,2
1707,7
1708,5
1708,7
1709,1
1711,1
1713,1
1713,7
1714,1
1714,7
1715,1
1715,7
1716,1
1716,7
1717,2
1717,7
1719,1
1720,1
1721,1
1721,2
1721,7
1721,9
1722,7
1723,1
1724,1
1724,7
1725,1
1725,2
1725,7
1726,7
1728,1
1728,7
1730,3
1730,4
1730,8
1731,1
1731,2
1731,3
1731,4
1731,5
1731,7
1731,8
1732,5
1732,7
1733,3
1733,4
1733,5
1733,7
1734,3
1736,1
1737,4
1738,4
1738,5
1738,7
1740,1
1740,2
1740,7
1741,1
1741,4
1743,2
1743,9
1744,7
1745,1
1745,2
1746,1
1746,7
1748,1
1748,2
1749,1
1749,2
1750,1
1750,2
1751,1
1751,2
1751,7
1752,1
1753,1
1753,9
1754,1
1754,2
1754,7
1754,9
1755,1
1755,5
1755,7
1755,9
1756,1
1756,2
1756,3
1756,7
1757,1
1757,3
1757,7
1758,1
1758,2
1758,7
1758,8
1759,1
1759,7
1759,9
1760,1
1760,7
1761,1
1761,2
1761,3
1761,7
1762,1
1764,3
1764,4
1764,7
1765,3
1765,4
1765,7
1766,3
1766,4
1766,7
1767,1
1767,2
1767,7
1769,2
1770,2
1770,4
1770,5
1770,7
1771,1
1771,2
1772,7
1773,1
1773,7
1774,1
1775,1
1775,9
1776,1
1776,2
1776,7
1777,1
1777,7
1778,1
1778,2
1778,7
1778,9
1779,1
1780,1
1781,1
1782,1
1782,2
1782,7
1782,9
1783,1
1783,2
1783,7
1785,1
1786,1
1786,2
1786,7
1787,1
1787,2
1789,1
1789,2
1789,7
1789,9
1790,1
1790,2
1790,7
1791,2
1791,7
1792,2
1792,7
1793,2
1793,7
1794,8
1794,9
1795,2
1795,7
1795,9
1796,7
1797,1
1798,7
1799,1
1799,2
1799,7
1799,9
1800,5
1800,6
1800,7
1801,1
1801,2
1801,9
1802,8
1803,1
1803,7
1804,1
1804,7
1805,2
1813,1
1814,1
1815,1
1816,3
1816,5
1816,8
1817,1
1817,7
1818,1
1818,2
1818,7
1819,1
1819,2
1819,7
1819,9
1820,1
1820,2
1821,1
1821,2
1821,7
1823,1
1823,2
1823,7
1824,1
1824,2
1824,7
1826,1
1826,2
1827,1
1827,3
1827,7
1828,7
1829,5
1830,1
1831,1
1831,2
1831,7
1834,1
1834,2
1834,7
1835,1
1836,1
1838,1
1839,1
1843,1
1843,7
1845,3
1845,4
1846,1
1846,2
1846,7
1848,5
1849,5
1849,9
1850,1
1850,7
1852,1
1854,1
1854,2
1854,3
1856,3
1857,5
1857,6
1857,7
1859,1
1859,7
1862,1
1862,2
1862,7
1863,3
1863,4
1864,1
1864,7
1865,1
1865,8
1866,1
1866,2
1866,4
1866,7
1867,1
1867,2
1867,7
1868,1
1870,3
1871,3
1872,3
1873,3
1874,3
1875,3
1876,3
1877,4
1878,1
1878,2
1878,9
1879,3
1879,5
1879,7
1880,4
1880,5
1880,7
1884,1
1884,2
1884,7
1884,9
1886,1
1887,2
1887,7
1888,4
1889,7
1890,1
1890,2
1890,9
1891,1
1891,2
1891,7
1892,1
1892,7
1893,1
1893,9
1894,1
1894,2
1895,1
1896,1
1896,2
1896,7
1897,1
1899,1
1899,7
1900,1
1900,2
1901,1
1901,8
1902,1
1903,1
1904,1
1905,1
1906,1
1907,2
1908,1
1908,2
1908,7
1910,2
1911,7
1912,1
1912,2
1912,8
1914,1
1914,2
1914,9
1915,9
1916,2
1916,3
1918,2
1919,3
1921,1
1921,2
1921,7
1925,1
1925,7
1926,2
1926,7
1926,8
1927,1
1927,2
1928,1
1928,2
1928,7
1929,1
1930,9
1931,1
1931,2
1931,7
1932,1
1932,7
1933,1
1933,9
1934,1
1936,1
1936,7
1937,1
1937,7
1938,1
1939,9
1940,1
1940,9
1941,1
1942,1
1942,4
1943,1
1944,5
1944,6
1944,7
1944,8
1945,1
1945,3
1945,4
1948,1
1948,9
1949,7
1950,1
1950,2
1950,7
1950,9
1952,4
1952,7
1953,1
1953,7
1954,1
1954,2
1955,1
1955,7
1957,1
1957,7
1958,3
1958,4
1959,2
1959,9
1960,1
1960,2
1960,7
1961,1
1961,7
1962,1
1962,7
1963,1
1963,2
1963,7
1964,1
1964,7
1965,1
1966,3
1967,1
1967,9
1968,4
1969,1
1969,2
1969,7
1970,1
1973,1
1973,2
1973,9
1974,1
1975,1
1975,7
1976,1
1976,7
1977,4
1978,1
1978,9
1980,1
1980,2
1980,7
1982,1
1982,7
1982,9
1983,7
1984,1
1985,7
1986,1
1987,1
1988,1
1988,2
1988,7
1989,1
1989,2
1989,7
1990,4
1991,5
1991,6
1992,1
1992,2
1992,7
1993,1
1993,7
1995,1
1995,2
1995,7
1997,1
1997,9
1998,1
1998,2
1998,7
1999,1
1999,9
2000,1
2000,2
2000,7
2001,1
2002,1
2002,3
2003,1
2003,7
2003,8
2004,1
2004,2
2004,7
2005,1
2005,7
2007,3
2008,1
2008,2
2008,3
2008,7
2009,1
2011,1
2011,2
2011,7
2011,9
2012,1
2012,2
2012,7
2013,3
2014,1
2015,1
2015,2
2015,7
2015,9
2016,1
2017,1
2017,9
2018,1
2018,2
2018,7
2019,3
2019,5
2019,7
2022,1
2022,9
2023,1
2023,2
2025,1
2025,7
2027,1
2027,7
2029,1
2029,5
2029,6
2029,7
2030,5
2030,7
2030,8
2032,1
2032,2
2032,7
2034,9
2035,1
2035,9
2036,1
2036,2
2036,7
2038,1
2038,2
2039,2
2042,9
2043,9
2044,1
2044,2
2044,9
2045,1
2045,4
2046,4
2047,1
2047,2
2047,7
2048,2
2048,3
2049,1
2049,2
2049,7
2049,9
2052,1
2052,7
2056,1
2056,9
2058,4
2058,5
2058,7
2062,1
2063,9
2064,3
2064,4
2064,8
2065,3
2066,7
2067,7
2068,7
2069,7
2070,7
2071,7
2073,2
2076,5
2076,7
2077,1
2077,2
2078,1
2079,7
2081,1
2081,2
2081,7
2082,1
2082,2
2082,7
2083,1
2086,2
2087,1
2088,2
2089,1
2089,9
2090,1
2090,8
2091,4
2091,7
2092,1
2093,5
2093,6
2093,7
2094,2
2094,6
2094,9
2095,1
2095,2
2096,2
2096,7
2098,1
2098,2
2098,7
2099,1
2101,1
2104,1
2104,4
2105,1
2106,1
2106,2
2106,9
2107,1
2107,2
2107,7
2108,9
2109,1
2109,2
2110,1
2110,7
2111,1
2111,2
2111,7
2113,1
2113,2
2114,8
2116,2
2116,5
2116,6
2116,7
2116,8
2117,7
2118,1
2118,2
2118,7
2120,4
2121,1
2121,2
2123,1
2123,9
2126,1
2128,7
2129,7
2130,2
2130,9
2134,1
2134,9
2136,1
2136,2
2137,4
2137,7
2138,1
2138,7
2139,1
2139,2
2139,9
2140,1
2140,2
2140,7
2140,9
2141,4
2141,7
2142,4
2142,7
2143,4
2143,7
2144,2
2144,7
2145,1
2145,2
2145,7
2149,1
2149,2
2149,7
2150,1
2150,2
2150,7
2151,1
2151,2
2151,3
2151,4
2151,7
2152,1
2152,3
2152,4
2152,7
2153,9
2154,1
2154,2
2154,7
2155,1
2155,7
2156,1
2156,7
2157,1
2157,7
2158,1
2158,7
2159,1
2159,7
2160,1
2160,7
2161,1
2161,7
2162,1
2162,7
2163,1
2163,7
2164,1
2164,7
2165,1
2165,7
2166,1
2166,7
2167,1
2167,7
2168,1
2168,7
2169,1
2170,7
2170,9
2171,4
2171,5
2171,7
2173,1
2173,2
2173,7
2174,1
2175,1
2175,2
2175,7
2176,7
2177,1
2177,2
2177,7
2178,1
2180,1
2181,1
2181,2
2181,7
2182,1
2182,2
2182,7
2182,9
2184,1
2185,1
2185,2
2185,7
2186,1
2186,2
2187,1
2187,7
2187,9
2188,1
2189,1
2189,2
2189,9
2190,1
2190,7
2193,2
2193,6
2193,7
2194,5
2194,6
2194,7
2195,1
2195,2
2195,7
2196,1
2196,7
2197,1
2199,1
2199,7
2201,1
2201,2
2201,7
2202,1
2202,9
2203,1
2204,1
2204,2
2205,1
2205,2
2205,7
2206,1
2206,2
2206,3
2206,7
2209,1
2209,2
2211,5
2217,7
2218,1
2218,4
2218,5
2218,7
2219,1
2219,7
2220,1
2221,1
2221,2
2221,7
2222,9
2223,1
2223,2
2223,7
2223,9
2224,1
2225,1
2225,2
2225,7
2227,1
2228,1
2228,4
2230,1
2230,2
2230,7
2233,2
2234,1
2234,2
2235,1
2235,2
2235,7
2236,1
2237,2
2238,3
2239,4
2243,5
2244,7
2245,5
2245,6
2245,7
2246,2
2247,1
2249,1
2251,1
2252,2
2252,3
2252,7
2253,3
2253,7
2253,9
2254,1
2254,3
2254,7
2255,1
2256,1
2256,7
2257,1
2257,2
2258,7
2259,1
2259,2
2259,7
2261,1
2262,1
2262,7
2263,1
2263,7
2264,1
2264,3
2264,4
2264,7
2265,1
2265,2
2265,3
2266,1
2266,2
2266,3
2266,7
2268,4
2269,1
2270,1
2270,2
2270,7
2271,1
2271,7
2272,1
2273,1
2275,1
2275,2
2275,7
2276,1
2276,7
2276,9
2277,1
2277,2
2278,1
2279,3
2279,4
2279,7
2280,1
2281,1
2281,7
2283,1
2283,9
2284,9
2285,9
2286,7
2287,6
2288,1
2289,1
2289,2
2289,7
2290,1
2290,2
2290,9
2291,1
2291,2
2292,3
2292,4
2293,3
2293,4
2294,3
2294,5
2294,7
2295,2
2295,5
2295,7
2296,3
2297,1
2298,2
2298,5
2298,7
2299,1
2300,1
2300,7
2301,1
2301,7
2302,1
2302,2
2302,9
2303,1
2304,1
2304,7
2306,3
2306,8
2307,1
2307,2
2308,1
2308,4
2309,2
2309,3
2310,2
2311,3
2312,1
2312,2
2312,9
2314,1
2314,7
2315,1
2315,2
2315,4
2315,7
2316,2
2316,7
2317,1
2317,7
2321,2
2321,5
2322,1
2322,2
2322,7
2323,2
2323,4
2323,5
2323,6
2323,7
2333,1
2333,7
2334,1
2336,2
2336,4
2336,5
2336,6
2336,7
2337,1
2337,2
2337,7
2338,1
2338,2
2338,7
2340,6
2340,7
2341,1
2341,9
2342,1
2343,1
2343,2
2343,7
2344,8
2346,3
2346,5
2346,7
2347,4
2347,9
2349,1
2349,2
2349,7
2349,9
2350,5
2351,1
2351,6
2353,1
2354,1
2354,5
2354,7
2355,3
2355,5
2355,6
2355,7
2356,1
2356,2
2357,1
2359,1
2361,5
2361,6
2363,1
2363,2
2363,7
2364,1
2364,4
2367,1
2367,2
2367,7
2368,1
2368,2
2368,7
2369,2
2370,1
2371,5
2371,7
2373,4
2374,1
2374,2
2375,1
2376,1
2376,7
2377,1
2377,7
2378,1
2379,1
2380,1
2380,7
2380,9
2381,5
2381,7
2382,1
2383,1
2384,3
2384,7
2385,3
2385,7
2388,1
2389,1
2389,7
2391,1
2391,7
2393,3
2393,5
2393,6
2393,7
2393,8
2395,1
2395,7
2396,1
2396,7
2398,5
2398,7
2400,2
2400,3
2401,3
2401,6
2401,7
2403,1
2403,2
2404,2
2405,1
2405,2
2406,5
2406,7
2406,8
2407,1
2407,2
2408,2
2408,3
2410,1
2411,1
2411,2
2411,7
2411,8
2412,1
2412,2
2412,7
2412,9
2413,1
2414,1
2415,3
2415,4
2415,8
2416,1
2417,1
2417,7
2418,1
2418,2
2418,4
2418,7
2419,1
2419,9
2420,1
2421,1
2421,9
2422,1
2422,9
2423,1
2423,4
2423,5
2423,7
2424,1
2424,7
2425,1
2425,7
2426,1
2426,2
2426,7
2427,1
2429,1
2429,9
2430,1
2430,2
2430,7
2430,9
2431,9
2432,1
2432,2
2432,7
2433,1
2433,2
2433,7
2433,9
2434,1
2434,9
2435,9
2437,2
2438,2
2439,2
2439,5
2439,6
2439,7
2440,1
2440,2
2442,1
2443,1
2443,2
2443,9
2444,3
2445,2
2445,7
2446,9
2447,2
2447,3
2448,1
2449,3
2449,7
2450,1
2450,9
2451,1
2451,2
2452,1
2452,2
2452,7
2453,1
2453,7
2453,9
2454,1
2454,2
2454,7
2455,1
2455,2
2455,7
2456,1
2456,2
2456,7
2457,1
2459,1
2459,2
2459,7
2460,7
2461,2
2461,5
2461,6
2461,7
2463,1
2464,1
2464,2
2464,7
2465,3
2465,6
2466,3
2466,5
2466,6
2466,7
2468,1
2468,7
2469,2
2471,1
2471,2
2471,7
2473,1
2474,1
2474,2
2475,1
2476,1
2477,1
2478,1
2478,2
2479,9
2482,1
2482,2
2482,7
2483,1
2483,7
2484,1
2484,2
2484,7
2484,9
2485,1
2485,7
2487,1
2487,2
2487,7
2488,1
2488,2
2488,7
2489,1
2489,7
2489,9
2490,1
2491,1
2491,7
2493,1
2493,2
2493,7
2493,9
2494,1
2494,7
2496,1
2498,1
2499,2
2499,7
2502,2
2502,7
2503,1
2503,2
2503,7
2503,9
2504,4
2505,1
2505,4
2506,1
2507,1
2507,2
2507,7
2508,1
2508,2
2508,7
2509,1
2509,2
2509,7
2509,9
2513,4
2516,1
2516,2
2516,7
2517,2
2517,7
2519,2
2519,7
2520,1
2520,2
2520,9
2522,1
2522,2
2522,7
2522,9
2523,1
2523,2
2523,7
2524,1
2524,2
2524,7
2525,1
2525,2
2525,7
2527,1
2527,2
2527,7
2527,8
2528,1
2528,2
2528,3
2528,7
2529,1
2529,2
2529,5
2530,1
2530,2
2531,3
2531,7
2531,9
2532,1
2532,2
2533,1
2534,1
2534,7
2534,8
2535,1
2535,8
2536,1
2536,2
2538,1
2538,4
2539,1
2539,2
2540,1
2540,2
2540,3
2540,7
2543,1
2543,2
2543,7
2548,1
2549,1
2549,2
2550,1
2550,2
2551,1
2551,2
2552,1
2553,1
2553,2
2553,7
2554,1
2555,2
2555,3
2556,1
2556,2
2556,7
2557,1
2557,3
2559,1
2559,2
2559,7
2560,1
2560,2
2560,7
2562,1
2562,6
2562,9
2564,1
2564,7
2570,1
2571,1
2572,1
2572,2
2572,7
2572,9
2574,1
2575,1
2575,2
2575,7
2576,1
2576,2
2576,9
2581,1
2581,7
2581,9
2585,1
2585,7
2585,9
2586,5
2586,6
2586,7
2587,1
2588,1
2588,7
2589,2
2590,1
2590,9
2591,1
2593,2
2593,3
2593,7
2594,1
2594,2
2595,3
2595,7
2596,1
2596,2
2596,7
2597,1
2597,2
2599,1
2599,2
2600,1
2600,2
2601,1
2601,7
2604,3
2605,1
2606,1
2608,1
2608,9
2609,1
2609,2
2609,7
2609,9
2610,1
2610,2
2611,1
2611,4
2614,2
2614,4
2615,1
2616,2
2616,7
2617,1
2618,1
2618,2
2618,9
2619,1
2619,7
2620,2
2620,4
2622,1
2623,1
2623,9
2624,1
2626,1
2626,7
2626,9
2628,1
2628,2
2628,7
2629,1
2629,2
2629,7
2630,1
2630,2
2630,7
2630,9
2631,9
2632,1
2632,2
2633,1
2633,2
2633,4
2635,1
2635,7
2636,1
2636,7
2637,1
2637,2
2637,7
2639,2
2639,3
2639,7
2640,1
2640,2
2640,3
2640,7
2641,1
2641,7
2642,1
2642,2
2642,7
2644,1
2644,7
2645,1
2645,7
2646,2
2646,7
2647,1
2648,5
2648,6
2649,2
2649,4
2649,5
2649,6
2649,7
2649,8
2650,2
2650,4
2650,8
2651,4
2651,5
2651,7
2651,8
2652,1
2653,8
2655,2
2655,7
2656,2
2657,1
2658,5
2658,7
2660,2
2661,5
2661,7
2662,1
2662,2
2662,7
2663,1
2663,2
2663,7
2663,9
2664,1
2664,2
2664,3
2664,4
2664,5
2664,6
2664,7
2665,5
2665,7
2665,9
2666,1
2670,1
2670,4
2670,7
2671,1
2671,4
2671,7
2672,1
2672,4
2672,7
2675,1
2675,9
2676,3
2677,1
2677,7
2678,1
2678,2
2678,7
2679,1
2679,7
2680,1
2680,7
2680,9
2681,1
2681,2
2681,7
2681,9
2682,1
2682,9
2683,1
2683,2
2683,7
2684,1
2684,2
2684,7
2685,1
2685,2
2685,7
2685,9
2686,7
2687,1
2687,2
2687,7
2688,1
2689,3
2692,1
2692,2
2692,7
2695,1
2695,7
2696,1
2696,2
2696,9
2697,1
2697,2
2697,7
2699,5
2699,6
2699,7
2699,8
2700,1
2700,7
2702,1
2703,1
2703,7
2704,1
2704,2
2705,5
2705,6
2705,7
2706,7
2707,4
2709,1
2709,7
2709,9
2710,1
2710,7
2710,9
2711,1
2711,7
2712,5
2712,7
2713,3
2713,8
2714,1
2714,2
2714,4
2714,7
2715,1
2715,2
2715,4
2715,7
2722,1
2722,7
2723,1
2723,2
2723,9
2724,1
2725,1
2726,1
2727,1
2728,1
2729,1
2729,4
2730,1
2731,1
2731,7
2732,1
2732,2
2732,3
2732,7
2733,1
2734,1
2734,4
2734,5
2734,7
2735,2
2735,7
2736,3
2736,5
2736,6
2736,7
2737,1
2737,2
2739,1
2742,1
2743,1
2743,7
2744,1
2744,4
2744,7
2745,4
2745,5
2745,7
2746,1
2746,4
2746,7
2748,1
2756,1
2757,1
2757,2
2757,7
2757,9
2758,1
2759,1
2759,3
2760,1
2761,1
2761,7
2764,1
2764,7
2765,1
2765,7
2765,9
2766,1
2766,9
2767,1
2768,1
2769,1
2769,2
2769,7
2770,1
2770,2
2770,9
2771,2
2771,9
2772,2
2773,1
2773,2
2773,7
2773,9
2774,3
2775,4
2776,4
2777,1
2777,2
2777,7
2778,1
2778,2
2778,7
2779,2
2779,5
2779,6
2779,7
2780,3
2780,8
2781,1
2781,2
2782,2
2782,7
2782,9
2783,6
2786,3
2786,4
2787,1
2787,3
2788,1
2790,1
2790,2
2791,9
2792,1
2793,1
2793,2
2793,7
2794,1
2794,2
2794,7
2794,9
2795,1
2795,2
2795,7
2796,1
2796,2
2796,4
2796,7
2797,1
2797,2
2797,7
2798,1
2799,1
2799,3
2800,1
2800,7
2801,2
2802,2
2805,1
2805,2
2807,1
2807,2
2807,7
2808,2
2808,4
2808,5
2808,6
2808,7
2809,1
2809,4
2809,7
2810,1
2811,1
2811,2
2812,1
2812,2
2812,7
2813,1
2813,2
2813,3
2813,7
2814,1
2814,2
2814,7
2815,1
2815,7
2815,9
2816,1
2816,2
2817,1
2817,2
2817,7
2817,9
2818,1
2819,1
2819,2
2819,7
2820,1
2821,2
2821,3
2821,5
2821,7
2822,9
2823,9
2824,2
2824,3
2826,1
2826,2
2826,7
2827,1
2827,2
2827,7
2828,1
2828,2
2828,7
2828,9
2829,1
2829,2
2829,7
2830,1
2830,2
2830,7
2832,1
2832,9
2834,1
2834,2
2834,7
2836,1
2836,2
2836,7
2836,9
2837,1
2837,2
2837,7
2838,2
2838,7
2838,9
2840,1
2840,4
2841,1
2842,1
2843,1
2843,3
2843,7
2845,2
2846,1
2846,7
2847,3
2847,7
2850,1
2850,2
2850,7
2851,1
2852,1
2853,1
2853,2
2853,7
2853,9
2854,1
2854,4
2854,7
2855,1
2855,2
2856,1
2856,2
2857,1
2857,2
2857,7
2857,9
2859,1
2860,1
2862,2
2863,1
2863,2
2863,7
2863,9
2864,2
2864,7
2865,2
2865,7
2866,2
2866,7
2867,1
2867,2
2868,2
2868,7
2871,1
2871,2
2871,7
2871,9
2872,1
2872,7
2873,1
2873,7
2874,1
2874,3
2875,1
2875,2
2876,1
2880,1
2881,1
2881,2
2881,7
2881,9
2882,1
2884,1
2885,1
2885,4
2886,1
2887,1
2887,2
2887,7
2887,9
2888,7
2889,1
2890,6
2890,9
2891,1
2891,3
2891,7
2893,1
2894,1
2894,5
2894,7
2895,1
2895,2
2896,1
2896,2
2897,1
2897,2
2897,7
2898,1
2898,9
2899,1
2899,2
2899,7
2899,9
2900,1
2900,2
2900,7
2901,1
2904,1
2904,2
2904,7
2905,2
2905,7
2906,1
2907,1
2908,1
2908,2
2908,7
2908,9
2909,1
2909,9
2910,1
2910,9
2912,1
2912,7
2914,1
2914,2
2914,7
2914,9
2916,1
2916,7
2917,1
2917,7
2918,1
2918,4
2919,2
2919,9
2920,1
2920,7
2921,1
2922,1
2922,7
2923,1
2923,2
2923,7
2924,1
2924,2
2924,7
2925,1
2925,2
2925,7
2925,9
2927,1
2927,6
2928,1
2929,1
2933,1
2941,1
2943,1
2943,7
2944,1
2944,5
2944,6
2944,7
2944,9
2945,9
2947,2
2947,9
2948,1
2950,1
2951,5
2951,7
2952,3
2952,8
2954,1
2955,1
2955,2
2955,7
2956,1
2957,1
2958,1
2958,9
2960,1
2960,4
2961,1
2961,9
2962,1
2962,7
2962,9
2963,1
2963,9
2964,1
2964,2
2966,1
2966,2
2967,1
2967,7
2968,1
2968,7
2968,9
2969,1
2969,3
2969,7
2969,9
2970,1
2970,9
2972,2
2972,3
2972,7
2973,1
2974,2
2974,5
2974,7
2975,4
2976,1
2976,2
2976,7
2977,1
2980,1
2986,5
2987,2
2991,5
2991,7
2992,2
2994,1
2994,2
2994,3
2994,7
2995,1
2995,7
2996,1
2996,7
2997,7
2998,1
2999,1
2999,2
2999,7
3000,1
3001,1
3002,1
3002,9
3003,1
3004,2
3004,5
3004,6
3004,7
3005,1
3005,2
3005,7
3007,1
3007,2
3007,5
3007,7
3008,2
3009,4
3010,1
3012,7
3014,1
3017,1
3017,2
3017,7
3018,1
3018,2
3018,7
3019,5
3019,6
3019,7
3020,1
3021,3
3021,4
3022,1
3023,2
3023,3
3023,6
3024,1
3024,7
3025,1
3026,3
3027,1
3027,2
3027,7
3027,9
3028,1
3028,2
3030,7
3031,7
3032,1
3032,2
3032,7
3032,8
3033,3
3033,5
3033,6
3033,7
3033,8
3034,1
3034,3
3035,1
3035,2
3035,4
3037,1
3037,6
3038,7
3039,1
3042,1
3045,1
3045,2
3046,1
3046,2
3046,7
3047,1
3047,2
3047,7
3048,1
3050,2
3050,7
3051,2
3051,3
3052,1
3052,7
3052,9
3053,1
3054,1
3054,2
3055,1
3056,1
3056,2
3056,7
3057,1
3058,1
3058,9
3059,1
3059,7
3060,1
3060,7
3060,9
3061,1
3061,2
3061,7
3061,9
3062,2
3063,7
3065,7
3065,9
3067,3
3067,4
3068,2
3068,5
3068,6
3068,7
3068,8
3070,1
3070,3
3071,1
3071,7
3072,4
3074,1
3077,6
3079,4
3080,1
3080,3
3081,1
3081,2
3081,3
3082,3
3082,5
3082,7
3083,1
3083,3
3084,1
3084,3
3085,1
3085,2
3085,3
3086,1
3087,4
3088,1
3088,2
3088,7
3088,9
3089,1
3092,5
3092,7
3093,1
3093,2
3094,1
3095,2
3095,4
3095,7
3096,1
3096,7
3097,1
3097,7
3098,3
3098,4
3098,5
3098,7
3099,3
3099,6
3102,1
3103,1
3103,7
3105,1
3105,7
3106,1
3106,2
3106,7
3107,1
3107,7
3108,1
3108,4
3109,9
3110,7
3111,7
3112,1
3112,7
3114,1
3115,2
3115,5
3115,6
3117,1
3118,3
3118,4
3119,7
3120,3
3120,4
3121,1
3121,2
3121,6
3121,7
3122,3
3123,5
3123,7
3123,9
3124,2
3124,5
3124,7
3124,8
3125,9
3126,1
3126,2
3127,1
3128,1
3128,7
3129,1
3129,2
3129,5
3129,6
3129,7
3129,9
3130,2
3130,6
3132,5
3132,6
3132,7
3132,8
3133,5
3133,7
3133,8
3134,5
3134,6
3134,7
3134,8
3135,4
3135,5
3135,6
3135,7
3136,1
3136,9
3137,1
3137,7
3138,1
3139,1
3139,2
3139,7
3140,1
3140,2
3140,7
3141,1
3142,5
3142,7
3143,1
3144,1
3144,2
3144,7
3144,9
3145,1
3145,2
3145,7
3145,9
3146,1
3146,2
3146,7
3146,9
3147,1
3147,2
3147,7
3148,1
3148,2
3148,4
3148,7
3149,3
3149,4
3150,1
3150,2
3150,7
3151,1
3151,9
3152,1
3152,2
3152,7
3155,1
3155,2
3156,5
3156,7
3157,4
3157,7
3158,2
3158,7
3161,1
3161,2
3161,7
3161,9
3163,1
3165,1
3165,2
3165,7
3165,9
3168,9
3169,1
3169,5
3170,1
3170,2
3170,7
3170,9
3171,7
3172,1
3172,7
3173,2
3173,7
3173,9
3174,1
3174,2
3175,1
3175,2
3175,7
3175,9
3176,9
3177,1
3177,3
3179,1
3179,2
3179,7
3180,1
3180,2
3181,1
3183,3
3183,9
3184,2
3185,1
3187,1
3187,2
3187,7
3188,1
3189,1
3189,2
3189,7
3190,3
3191,1
3193,1
3193,2
3193,9
3194,6
3195,6
3196,1
3196,2
3196,7
3196,9
3197,1
3197,7
3198,1
3198,2
3198,7
3199,1
3200,1
3201,1
3202,5
3203,5
3204,1
3204,2
3205,3
3205,7
3206,1
3206,2
3207,7
3208,7
3209,1
3209,4
3210,2
3210,5
3210,6
3210,7
3211,1
3211,2
3211,9
3212,7
3213,7
3214,7
3215,7
3216,7
3217,7
3219,1
3219,2
3220,3
3221,5
3221,7
3222,1
3222,2
3222,7
3223,1
3223,2
3224,1
3225,7
3226,1
3227,1
3229,1
3230,1
3231,1
3232,4
3233,2
3233,3
3233,7
3234,1
3235,4
3235,5
3236,4
3237,5
3237,7
3238,5
3238,7
3239,5
3239,7
3241,1
3241,7
3242,1
3243,1
3243,9
3244,1
3244,2
3244,7
3244,9
3245,1
3245,2
3246,1
3247,1
3248,9
3249,2
3250,1
3250,2
3250,3
3250,7
3251,1
3251,3
3251,7
3252,9
3253,1
3253,2
3254,5
3254,7
3255,1
3255,2
3255,7
3256,1
3256,3
3256,5
3257,1
3257,9
3258,1
3258,5
3258,7
3258,9
3259,2
3259,3
3259,7
3260,1
3260,2
3261,1
3261,2
3262,2
3263,1
3263,7
3264,9
3266,1
3266,2
3266,7
3267,1
3267,2
3267,7
3267,9
3268,1
3268,5
3269,3
3270,4
3271,1
3271,2
3271,7
3272,1
3272,7
3272,9
3273,2
3275,4
3275,5
3275,6
3275,7
3277,1
3278,2
3278,7
3279,1
3280,5
3280,7
3281,1
3282,1
3282,7
3284,1
3284,7
3285,1
3286,1
3287,1
3288,1
3289,1
3290,1
3290,2
3290,7
3291,1
3291,2
3291,7
3292,1
3292,2
3292,7
3293,1
3293,2
3293,3
3293,4
3293,7
3294,1
3294,2
3294,9
3295,1
3295,9
3296,3
3296,7
3298,7
3299,1
3299,2
3299,7
3299,9
3300,3
3301,1
3301,2
3301,7
3302,1
3302,3
3302,7
3303,7
3303,9
3304,2
3304,3
3304,5
3304,7
3305,1
3305,3
3307,1
3308,1
3308,2
3308,7
3308,9
3309,3
3311,5
3311,7
3313,5
3314,1
3314,5
3314,7
3315,1
3315,2
3315,7
3316,1
3316,2
3316,5
3317,2
3317,5
3317,7
3318,1
3318,2
3318,7
3318,9
3319,1
3319,7
3320,1
3320,2
3320,7
3321,1
3321,7
3321,9
3322,1
3322,2
3322,7
3322,9
3324,9
3325,1
3326,4
3326,7
3331,2
3331,4
3332,2
3332,3
3332,7
3333,1
3333,2
3333,4
3333,7
3334,1
3334,2
3334,7
3334,9
3335,2
3335,7
3335,9
3336,1
3336,2
3336,7
3336,9
3339,1
3339,7
3340,1
3340,2
3340,7
3341,1
3341,2
3341,7
3342,9
3343,1
3343,2
3344,2
3344,7
3345,2
3345,7
3346,2
3346,7
3347,1
3347,2
3349,4
3349,7
3350,1
3350,2
3350,7
3351,1
3351,2
3351,7
3351,9
3352,1
3352,2
3352,7
3352,9
3354,1
3355,1
3355,4
3356,1
3357,2
3358,1
3358,7
3358,9
3359,1
3359,7
3360,5
3360,6
3360,7
3361,1
3361,2
3361,7
3362,1
3362,2
3362,7
3363,1
3363,2
3363,9
3364,1
3364,7
3365,9
3367,1
3368,1
3368,2
3368,7
3369,2
3369,7
3370,1
3371,2
3371,3
3371,7
3372,1
3372,3
3372,4
3372,7
3373,1
3373,7
3374,1
3374,7
3374,9
3375,1
3375,2
3375,7
3376,1
3376,2
3376,7
3377,1
3378,2
3379,1
3379,7
3380,1
3381,1
3381,7
3382,1
3382,2
3382,7
3383,4
3383,6
3384,7
3384,9
3385,1
3386,1
3386,2
3387,9
3388,1
3388,9
3389,1
3389,2
3389,7
3390,1
3390,2
3390,7
3390,9
3391,1
3391,2
3391,9
3392,1
3393,1
3394,1
3395,1
3396,1
3397,1
3397,2
3397,7
3398,1
3399,9
3400,1
3400,4
3401,1
3401,2
3401,9
3402,1
3402,2
3402,7
3403,1
3403,9
3404,1
3404,4
3404,7
3405,1
3407,1
3407,3
3407,5
3407,7
3408,1
3408,7
3409,1
3409,7
3410,2
3410,3
3410,7
3411,1
3411,2
3412,7
3413,1
3414,1
3414,7
3415,2
3415,4
3415,7
3417,1
3418,1
3419,1
3421,1
3421,9
3422,1
3422,2
3422,7
3422,9
3423,1
3423,2
3423,7
3423,9
3424,1
3424,2
3424,7
3425,1
3425,2
3425,7
3428,1
3429,1
3429,4
3430,1
3430,9
3431,1
3432,1
3432,3
3432,4
3433,1
3433,2
3433,7
3434,1
3434,2
3434,7
3435,2
3436,1
3436,7
3437,1
3438,1
3438,2
3438,7
3439,1
3440,3
3441,1
3441,7
3442,1
3442,7
3443,1
3443,2
3443,7
3443,9
3444,2
3445,1
3450,5
3450,7
3450,8
3451,1
3451,2
3451,7
3451,9
3452,1
3453,7
3454,1
3454,3
3455,1
3455,4
3456,1
3456,2
3457,1
3457,7
3459,1
3459,2
3459,7
3460,1
3461,1
3461,7
3462,7
3463,1
3463,2
3463,3
3463,7
3464,1
3464,2
3464,7
3465,1
3466,1
3466,7
3467,1
3467,2
3467,7
3468,1
3468,2
3468,7
3469,1
3469,2
3469,7
3470,1
3471,9
3472,1
3472,7
3474,1
3474,3
3475,1
3475,2
3475,3
3476,1
3477,5
3477,6
3477,7
3479,1
3479,2
3479,7
3480,1
3480,2
3480,7
3480,9
3481,1
3481,2
3481,7
3483,1
3483,2
3483,7
3483,9
3487,1
3488,1
3488,2
3488,7
3488,9
3489,1
3490,2
3491,1
3492,1
3495,1
3495,7
3497,1
3497,7
3499,1
3499,9
3500,1
3501,7
3503,1
3503,9
3504,1
3504,2
3504,7
3504,9
3505,1
3505,3
3505,9
3506,1
3506,2
3506,7
3508,2
3508,7
3510,1
3511,1
3511,4
3512,1
3512,4
3512,7
3513,3
3513,5
3513,6
3513,7
3514,1
3514,9
3515,4
3515,7
3516,6
3516,7
3517,1
3519,1
3520,1
3520,9
3521,1
3521,2
3522,1
3522,7
3522,9
3523,1
3523,2
3523,7
3524,1
3524,9
3526,1
3526,2
3527,1
3527,2
3527,7
3528,1
3529,1
3530,3
3531,1
3532,2
3532,7
3533,1
3533,2
3533,7
3534,7
3535,1
3535,2
3537,1
3540,3
3540,4
3540,8
3541,1
3542,2
3542,3
3543,9
3544,1
3545,1
3545,2
3546,1
3547,1
3547,7
3547,9
3548,1
3548,2
3548,7
3548,9
3550,1
3551,1
3552,1
3552,7
3553,2
3553,5
3555,2
3555,7
3557,1
3557,7
3559,5
3559,7
3560,2
3561,4
3561,7
3562,1
3562,7
3563,1
3563,2
3563,7
3563,9
3564,1
3564,2
3565,4
3566,4
3570,1
3570,2
3570,7
3571,1
3571,2
3571,7
3576,5
3577,5
3579,9
3580,3
3581,4
3582,1
3582,3
3583,1
3583,2
3583,4
3584,2
3584,7
3585,1
3585,7
3587,1
3587,2
3588,1
3588,9
3589,1
3589,2
3589,7
3589,9
3592,1
3592,2
3592,4
3593,1
3595,3
3597,1
3597,4
3597,7
3598,1
3599,1
3599,2
3600,1
3601,1
3601,4
3601,7
3602,3
3603,2
3604,1
3606,2
3607,6
3607,8
3608,3
3608,5
3608,7
3608,8
3609,1
3609,4
3609,7
3610,1
3610,2
3611,4
3612,2
3612,3
3613,2
3613,4
3613,8
3614,2
3614,5
3614,7
3615,2
3615,4
3616,1
3616,2
3616,7
3617,6
3617,9
3618,3
3626,1
3626,9
3628,1
3628,2
3629,1
3629,2
3633,1
3634,1
3634,7
3634,9
3635,1
3635,2
3635,7
3635,9
3637,1
3637,7
3640,1
3640,2
3640,9
3641,3
3642,3
3642,4
3642,6
3644,3
3646,1
3651,1
3652,1
3653,1
3653,2
3653,3
3654,1
3655,1
3656,1
3657,1
3658,1
3658,4
3659,4
3661,1
3661,2
3661,7
3663,1
3664,1
3664,2
3664,7
3666,1
3666,2
3666,4
3667,1
3667,4
3667,7
3668,1
3668,2
3669,1
3669,2
3671,1
3672,1
3672,7
3674,1
3674,2
3674,7
3675,1
3676,1
3676,2
3676,7
3676,8
3677,5
3677,7
3678,1
3678,2
3679,7
3681,3
3682,1
3682,2
3682,7
3683,5
3684,1
3685,1
3685,2
3685,7
3685,9
3687,5
3687,6
3687,7
3688,1
3688,2
3688,7
3690,5
3690,7
3692,1
3693,1
3693,2
3693,7
3694,1
3694,7
3695,2
3695,7
3696,1
3696,2
3697,5
3697,7
3697,8
3700,1
3700,7
3701,1
3701,2
3702,1
3702,2
3703,2
3704,1
3704,7
3705,1
3706,1
3707,1
3707,2
3707,9
3708,1
3709,1
3709,4
3711,1
3712,1
3713,1
3713,2
3713,9
3714,1
3714,2
3714,7
3714,9
3715,1
3716,1
3716,9
3717,1
3718,1
3718,2
3719,1
3719,7
3719,9
3720,1
3720,2
3721,2
3722,1
3723,1
3723,7
3724,1
3726,1
3726,4
3726,5
3726,7
3727,1
3727,7
3728,7
3729,2
3729,7
3730,1
3730,2
3731,5
3731,6
3731,7
3734,1
3736,4
3736,6
3737,1
3737,5
3738,1
3739,1
3739,2
3739,7
3740,1
3740,2
3741,1
3741,2
3741,7
3741,9
3742,2
3742,7
3742,9
3743,4
3745,4
3746,1
3746,2
3746,7
3748,1
3748,9
3750,1
3750,2
3750,7
3752,3
3752,4
3752,6
3752,7
3752,8
3753,1
3753,2
3753,7
3754,1
3755,1
3756,1
3756,2
3756,7
3756,9
3757,1
3757,2
3757,7
3759,1
3760,1
3760,2
3761,1
3761,2
3761,7
3762,3
3762,5
3762,7
3763,2
3764,1
3764,2
3764,7
3765,1
3765,2
3765,3
3765,6
3765,7
3766,4
3766,6
3766,8
3767,2
3769,9
3770,1
3770,2
3770,7
3771,3
3771,7
3771,8
3773,1
3773,2
3773,7
3774,1
3774,2
3774,7
3774,9
3775,4
3776,4
3777,1
3778,5
3778,6
3778,7
3778,8
3779,1
3780,1
3781,4
3782,4
3782,5
3782,6
3782,7
3782,8
3783,3
3784,1
3784,2
3784,7
3785,1
3785,2
3785,7
3786,1
3787,1
3788,1
3788,4
3790,1
3790,2
3790,7
3791,1
3791,2
3791,7
3792,1
3792,7
3792,9
3793,1
3793,7
3794,4
3795,1
3796,9
3798,1
3798,2
3798,7
3798,8
3799,1
3800,4
3800,5
3800,6
3800,7
3800,8
3800,9
3803,1
3804,2
3804,4
3804,5
3804,6
3804,7
3804,8
3805,1
3805,2
3805,7
3806,1
3806,7
3807,1
3807,5
3807,7
3808,1
3808,2
3809,1
3809,2
3809,7
3809,9
3810,1
3810,7
3810,9
3811,1
3811,2
3811,7
3811,9
3812,2
3812,7
3812,9
3813,1
3813,2
3813,7
3814,1
3814,2
3814,7
3815,1
3815,2
3815,7
3816,1
3817,1
3817,2
3817,7
3817,9
3818,7
3819,1
3819,2
3819,7
3819,9
3820,1
3820,9
3821,1
3821,2
3821,7
3821,9
3823,1
3823,7
3823,9
3824,1
3824,2
3824,7
3825,1
3825,2
3825,7
3825,9
3827,1
3827,7
3828,4
3828,7
3829,1
3829,2
3829,4
3829,7
3830,1
3830,7
3831,1
3831,2
3831,7
3832,1
3833,1
3833,2
3834,9
3835,1
3835,9
3836,1
3836,7
3836,9
3837,1
3839,1
3839,2
3839,7
3840,1
3840,7
3841,1
3841,2
3841,7
3841,9
3842,1
3842,2
3843,1
3843,2
3843,7
3843,9
3844,1
3844,2
3844,7
3845,1
3845,2
3845,7
3845,9
3849,1
3850,1
3851,1
3853,1
3853,9
3854,1
3854,2
3854,7
3856,6
3857,2
3857,5
3857,7
3858,1
3859,1
3859,2
3859,7
3861,9
3862,1
3862,2
3863,1
3863,7
3863,9
3864,1
3864,2
3865,1
3865,2
3865,7
3866,1
3866,9
3867,1
3867,9
3868,1
3868,2
3868,7
3868,9
3869,3
3869,7
3870,1
3870,2
3870,7
3871,1
3871,2
3872,1
3872,2
3873,1
3873,2
3873,7
3874,1
3875,3
3875,5
3876,1
3876,7
3877,1
3877,2
3877,7
3878,1
3878,4
3879,1
3879,7
3880,1
3880,7
3881,1
3881,7
3882,2
3884,1
3884,2
3884,4
3884,5
3884,7
3884,9
3885,1
3885,2
3885,7
3886,1
3886,2
3886,7
3889,3
3889,4
3890,1
3890,4
3892,1
3895,1
3895,2
3895,7
3896,1
3896,2
3896,6
3896,7
3898,1
3899,1
3899,2
3899,7
3900,1
3900,3
3901,5
3901,7
3901,9
3902,1
3903,2
3903,7
3905,4
3905,7
3907,1
3908,9
3909,1
3909,7
3910,1
3910,7
3911,1
3911,2
3913,1
3913,3
3913,5
3913,7
3914,1
3914,2
3914,4
3914,7
3915,3
3916,3
3916,7
3917,1
3917,2
3917,7
3918,4
3918,5
3918,6
3918,7
3921,1
3921,2
3922,1
3927,2
3927,3
3928,7
3928,9
3929,7
3929,9
3930,1
3930,2
3930,3
3932,1
3933,1
3933,2
3934,2
3934,6
3934,8
3935,2
3935,6
3935,8
3936,2
3938,2
3938,5
3938,6
3938,7
3940,1
3940,4
3941,7
3942,1
3943,4
3944,1
3944,7
3945,1
3946,1
3946,7
3947,1
3947,2
3947,7
3948,1
3948,2
3948,7
3949,1
3950,1
3951,1
3952,7
3954,1
3954,7
3956,1
3956,2
3956,4
3956,7
3960,1
3961,1
3961,3
3961,7
3962,1
3962,2
3962,7
3962,9
3963,2
3964,1
3964,2
3964,7
3965,1
3966,1
3968,4
3969,2
3969,5
3969,7
3970,3
3971,1
3972,1
3973,1
3974,1
3974,2
3974,9
3975,4
3975,5
3975,6
3975,7
3976,1
3976,3
3976,5
3976,7
3977,3
3977,4
3978,2
3978,5
3978,7
3979,3
3979,4
3979,5
3979,7
3981,1
3984,1
3984,2
3984,7
3985,1
3985,2
3985,7
3987,1
3987,3
3988,3
3989,1
3989,7
3990,1
3990,7
3991,5
3991,6
3991,7
3991,9
3992,1
3992,3
3992,7
3994,1
3995,2
3995,3
3996,2
3996,3
3997,2
3997,3
3998,1
3998,4
3999,1
3999,2
3999,7
3999,9
4000,1
4000,2
4000,7
4002,1
4002,2
4002,7
4004,1
4004,7
4005,1
4005,2
4005,7
4006,4
4007,4
4008,5
4008,6
4008,7
4008,8
4011,1
4012,1
4012,5
4013,1
4013,5
4014,1
4015,1
4016,1
4018,5
4019,1
4020,1
4021,4
4021,7
4023,5
4023,7
4025,2
4025,5
4025,6
4025,7
4026,1
4028,3
4029,2
4029,9
4030,1
4032,2
4032,9
4033,1
4034,1
4035,1
4036,1
4036,2
4036,7
4037,1
4037,2
4038,1
4038,2
4039,1
4039,3
4039,7
4041,1
4041,2
4041,4
4041,7
4041,8
4042,1
4043,1
4044,1
4044,2
4044,7
4045,2
4045,7
4045,9
4046,1
4046,6
4046,7
4047,7
4048,1
4048,3
4049,1
4049,2
4049,5
4049,7
4050,2
4051,2
4053,1
4053,2
4053,7
4054,1
4054,7
4054,9
4055,1
4055,7
4055,9
4056,1
4057,7
4057,9
4059,1
4060,1
4060,4
4062,1
4062,2
4062,7
4063,4
4064,1
4064,4
4064,9
4065,1
4065,2
4065,7
4065,8
4066,2
4066,4
4067,1
4067,2
4067,7
4068,1
4068,2
4068,7
4068,9
4069,1
4069,2
4070,1
4071,1
4072,1
4073,1
4074,1
4074,7
4075,1
4079,1
4079,7
4080,4
4081,1
4081,3
4082,9
4083,1
4083,2
4083,7
4083,9
4084,1
4084,5
4084,7
4085,1
4085,2
4085,7
4086,1
4086,2
4086,7
4087,1
4088,1
4088,7
4089,3
4089,4
4090,1
4090,7
4091,2
4091,7
4094,1
4094,7
4097,1
4098,1
4098,2
4098,7
4098,9
4100,1
4100,2
4100,7
4101,1
4101,2
4102,1
4102,4
4102,5
4102,6
4102,7
4102,8
4103,4
4104,1
4104,2
4104,7
4105,1
4107,1
4107,7
4111,5
4111,7
4112,1
4112,5
4112,7
4112,9
4113,1
4114,1
4115,1
4115,2
4115,7
4115,9
4116,1
4116,2
4116,7
4117,1
4117,2
4117,9
4118,1
4118,2
4118,7
4119,1
4119,2
4119,5
4119,7
4120,1
4120,7
4120,9
4121,1
4121,9
4122,1
4122,2
4122,7
4123,1
4124,1
4124,9
4125,1
4126,3
4126,5
4126,6
4127,6
4128,9
4129,1
4129,9
4133,1
4134,2
4134,3
4134,6
4135,1
4135,7
4136,2
4136,7
4137,1
4137,2
4137,7
4137,9
4138,1
4140,1
4141,1
4141,7
4141,9
4142,1
4142,7
4143,1
4143,7
4143,9
4144,1
4144,2
4145,1
4146,1
4146,7
4147,3
4148,1
4148,3
4148,4
4148,7
4150,1
4150,7
4150,9
4151,1
4151,9
4152,1
4152,4
4152,7
4153,7
4154,8
4155,1
4155,2
4155,7
4155,9
4156,1
4156,2
4156,7
4157,1
4157,2
4157,9
4158,1
4159,1
4159,2
4159,7
4160,1
4160,2
4160,7
4160,9
4163,1
4164,1
4165,1
4166,1
4168,1
4169,1
4169,2
4169,7
4170,2
4170,7
4170,8
4171,1
4171,4
4172,1
4173,1
4173,7
4174,1
4174,2
4174,7
4175,1
4175,4
4175,7
4176,1
4176,2
4177,1
4178,1
4178,2
4178,9
4179,1
4179,7
4180,3
4180,5
4180,6
4180,9
4181,1
4181,9
4182,4
4183,1
4183,9
4184,1
4184,2
4184,7
4185,1
4185,7
4186,1
4186,3
4187,7
4188,9
4189,1
4189,7
4189,9
4190,1
4191,1
4191,7
4192,1
4193,1
4193,7
4195,1
4196,1
4196,7
4197,1
4197,7
4199,1
4199,2
4199,7
4199,9
4200,1
4200,5
4200,7
4200,8
4201,1
4201,9
4202,1
4204,1
4205,1
4205,3
4205,4
4206,1
4207,9
4208,1
4210,1
4210,2
4211,1
4211,2
4211,7
4212,1
4212,2
4212,7
4214,1
4214,7
4215,1
4215,7
4217,1
4217,3
4218,7
4220,1
4222,1
4222,7
4223,1
4223,3
4224,8
4225,1
4234,1
4235,1
4235,2
4235,7
4243,1
4245,9
4253,1
4260,1
4261,1
4261,2
4262,1
4264,1
4264,2
4264,7
4265,1
4265,2
4265,9
4267,1
4268,4
4269,9
4270,1
4271,1
4272,1
4272,2
4272,7
4272,9
4273,1
4273,7
4274,9
4275,1
4275,7
4276,2
4278,1
4279,1
4279,7
4280,2
4280,3
4281,1
4281,2
4281,7
4282,1
4282,4
4282,7
4283,1
4283,2
4283,7
4283,9
4285,1
4285,2
4285,7
4287,1
4287,7
4287,9
4288,3
4289,1
4290,1
4291,1
4291,2
4291,7
4292,1
4292,2
4292,7
4293,1
4296,1
4296,2
4296,4
4296,7
4297,1
4297,2
4297,7
4298,1
4298,2
4298,7
4299,4
4300,2
4300,4
4301,1
4301,7
4304,1
4304,2
4304,4
4304,7
4305,3
4305,7
4306,3
4306,9
4307,1
4307,2
4307,7
4307,9
4308,1
4309,1
4309,2
4309,7
4309,9
4310,9
4311,1
4311,7
4313,1
4313,7
4314,1
4314,2
4314,7
4315,1
4315,3
4316,1
4316,7
4318,1
4319,1
4319,2
4319,7
4320,1
4320,2
4320,7
4321,1
4321,2
4321,7
4322,1
4322,2
4322,7
4323,1
4323,2
4323,7
4324,1
4324,7
4325,1
4325,2
4326,1
4326,7
4327,1
4327,7
4328,3
4328,7
4331,1
4331,2
4331,7
4331,9
4332,1
4332,2
4333,1
4333,7
4334,1
4334,2
4334,7
4334,9
4335,1
4335,7
4336,1
4336,2
4336,7
4337,1
4337,7
4338,1
4338,2
4338,7
4341,5
4341,6
4341,7
4344,1
4345,3
4345,4
4345,7
4346,1
4347,1
4347,7
4348,1
4348,2
4348,7
4349,5
4349,7
4350,1
4350,7
4352,1
4352,2
4352,7
4352,9
4354,1
4354,4
4354,9
4356,1
4357,1
4357,7
4358,1
4358,7
4359,1
4360,1
4360,7
4361,1
4362,1
4362,7
4363,1
4363,3
4364,9
4368,1
4368,9
4370,1
4370,4
4371,1
4371,2
4373,4
4374,1
4375,1
4375,3
4375,7
4376,2
4376,5
4376,6
4376,7
4376,8
4377,4
4378,9
4379,1
4379,3
4379,7
4380,1
4380,7
4380,9
4381,1
4382,1
4382,2
4382,9
4383,1
4383,2
4383,7
4385,1
4385,2
4385,7
4386,1
4386,2
4386,7
4387,1
4387,2
4387,7
4388,1
4388,2
4388,7
4390,1
4391,1
4391,2
4391,7
4392,1
4392,2
4393,1
4393,2
4393,7
4394,1
4394,2
4394,9
4395,1
4395,7
4396,1
4398,1
4398,2
4398,7
4399,1
4399,2
4400,1
4400,4
4401,1
4401,2
4401,7
4402,1
4402,2
4403,4
4404,1
4404,2
4404,3
4404,4
4405,1
4406,1
4406,4
4406,5
4406,7
4407,1
4407,4
4408,1
4409,1
4410,1
4410,7
4411,1
4411,2
4411,7
4412,1
4412,2
4412,7
4413,2
4414,1
4414,2
4414,7
4415,1
4415,2
4415,7
4416,2
4417,3
4417,4
4419,2
4419,3
4419,7
4420,3
4420,5
4420,6
4422,1
4422,7
4423,4
4423,7
4424,1
4425,1
4425,3
4425,4
4426,1
4426,3
4426,4
4427,3
4428,1
4428,2
4428,7
4428,9
4429,2
4429,3
4430,1
4430,2
4430,5
4430,9
4431,1
4433,1
4433,2
4433,7
4433,9
4434,7
4436,1
4438,9
4439,3
4439,5
4439,7
4441,1
4441,7
4442,9
4444,5
4444,6
4444,7
4444,8
4445,5
4445,7
4446,3
4446,7
4447,1
4447,2
4448,4
4448,7
4449,1
4449,7
4451,1
4452,3
4452,7
4453,3
4453,5
4453,7
4454,1
4455,1
4455,2
4455,9
4456,1
4456,7
4456,9
4457,1
4457,2
4457,7
4458,1
4459,1
4459,9
4460,1
4460,2
4461,1
4461,2
4462,1
4462,7
4463,1
4463,7
4464,1
4464,7
4465,1
4465,2
4465,7
4466,1
4466,7
4466,9
4467,1
4467,2
4467,7
4468,1
4468,2
4468,7
4468,9
4469,1
4469,2
4470,1
4470,2
4471,1
4471,7
4471,9
4472,3
4472,5
4472,6
4472,7
4473,1
4474,1
4474,7
4474,9
